<?xml version="1.0" encoding="utf-8" standalone="yes"?>
<rss version="2.0" xmlns:atom="http://www.w3.org/2005/Atom">
  <channel>
    <title>Wolf Treasure Spielautomat Infos &amp; Bonus Tipps | Echtgeld Casino on Wolf Treasure</title>
    <link>https://wolftreasure.com.de/</link>
    <description>Recent content in Wolf Treasure Spielautomat Infos &amp; Bonus Tipps | Echtgeld Casino on Wolf Treasure</description>
    <generator>Hugo</generator>
    <language>de</language>
    <lastBuildDate></lastBuildDate>
    <atom:link href="https://wolftreasure.com.de/index.xml" rel="self" type="application/rss+xml" />
  </channel>
</rss>
